Id,Pop,Family,Rearing,,Sequenced
M01,QH,214B,NP,,
M02,QH,214B,P,,
M03,CM,203B,NP,,
M04,CM,203B,P,,
M05,CM,205B,NP,,
M06,CM,205B,P,,
M07,QH,205A,NP,,
M08,QH,205A,P,,
M09,QH,215,P,,
M10,QH,215,NP,,
M11,CM,236,P,,
M12,CM,236,NP,,
M13,CM,231B,NP,,
M14,CM,231B,P,,
M15,QH,211A,NP,,
M16,QH,211A,P,,
M17,CM,210A,P,,
M18,QH,216A,P,,
M19,CM,210A,NP,,
M20,QH,216A,NP,,
M21,CM,226A,P,,
M22,QH,213A,P,,
M23,CM,226A,NP,,
M24,QH,213A,NP,,
M25,QH,220B,NP,,
M26,CM,218,NP,,
M27,QH,220B,P,,
M28,CM,218,P,,
M29,QH,224A,NP,,
M30,CM,223,NP,,
M31,QH,224A,P,,
M32,CM,223,P,,
M33,QH,208B,NP,,
M34,CM,229,P,,
M35,CM,229,NP,,
M36,QH,205A,P,,
M37,QH,204A,NP,,
M38,CM,227,P,,
M39,CM,227,NP,,
M40,QH,207A,P,,
M41,CM,232A,P,,
M42,QH,207B,NP,,
M43,CM,232A,NP,,
M44,QH,214A,P,,
M45,CM,210B,P,,
M46,QH,211B,NP,,
M47,CM,220,NP,,
M48,QH,216B,P,,
M49,CM,235,NP,,
M50,QH,219A,P,,
M51,CM,203A,P,,
M52,QH,213B,NP,,
M53,CM,207B,NP,,
M54,QH,219B,P,,
M55,CM,204A,P,,
M56,QH,221A,NP,,
M57,QH,220A,P,,
M58,CM,214,P,,
M59,CM,214,NP,,
M60,QH,224B,NP,,
M61,CM,209,P,,
M62,CM,238,NP,,
